pin_id,article,board,title,description,destination_url,overlay_headline,overlay_subhead
P01,Small bedroom gaming,Small Space Gaming,Small Bedroom Gaming Setup,"Make a small gaming room work without sacrificing walking space, chair movement, or usable desk area. Start with room constraints, then add only the gear that earns its footprint.",https://stackgeist.dev/setups/small-bedroom-gaming?utm_source=pinterest&utm_medium=organic&utm_campaign=launch&utm_content=p01,Small Bedroom Gaming Setup,Make the room work before you add more gear.
P02,Small bedroom gaming,Small Space Gaming,5 Rules for a Small Gaming Room,"A compact gaming room works better when the desk, chair, doors, storage, and lighting stop competing for the same space. These five rules make the room easier to use every day.",https://stackgeist.dev/setups/small-bedroom-gaming?utm_source=pinterest&utm_medium=organic&utm_campaign=launch&utm_content=p02,5 Rules for a Small Gaming Room,Fewer collisions. Better setup.
P03,Budget gaming desk,Budget Desk Setups,Build a Better Gaming Desk on a Budget,"A budget setup improves faster when you fix layout, cable routing, lighting, and everyday friction before replacing expensive hardware.",https://stackgeist.dev/setups/budget-gaming-desk?utm_source=pinterest&utm_medium=organic&utm_campaign=launch&utm_content=p03,Build a Better Gaming Desk on a Budget,"Spend on problems, not decoration."
P04,Budget gaming desk,Budget Desk Setups,What to Upgrade First on a Budget Gaming Desk,"Not every upgrade deserves your money. Use this order to fix the parts of a gaming desk that affect comfort, clutter, lighting, and daily use first.",https://stackgeist.dev/setups/budget-gaming-desk?utm_source=pinterest&utm_medium=organic&utm_campaign=launch&utm_content=p04,What Should You Upgrade First?,A smarter order for a budget setup.
P05,Cable management,Cable Management,Cable Management That Is Easy to Maintain,"The cleanest cable setup is not the one that hides everything. Route stable cables, keep frequently used connections accessible, and leave enough slack to maintain the desk.",https://stackgeist.dev/guides/cable-management?utm_source=pinterest&utm_medium=organic&utm_campaign=launch&utm_content=p05,Hide Less. Route Better.,Cable management you can actually maintain.
P06,Cable management,Cable Management,Do This Before Buying a Cable Management Kit,"Before buying trays, sleeves, clips, or raceways, remove dead cables, move the power strip, group stable runs, and give frequently used cables their own accessible path.",https://stackgeist.dev/guides/cable-management?utm_source=pinterest&utm_medium=organic&utm_campaign=launch&utm_content=p06,Before You Buy Cable Organizers,Fix the route first.
P07,Cheap desk upgrades,Desk Setup Guides,Cheap Desk Upgrades That Fix Real Problems,"The best inexpensive desk upgrades reduce friction: better cable access, cleaner lighting, easier charging, less clutter, and more usable surface area.",https://stackgeist.dev/guides/cheap-desk-upgrades?utm_source=pinterest&utm_medium=organic&utm_campaign=launch&utm_content=p07,Cheap Desk Upgrades That Matter,Fix friction before buying more gear.
P08,Cheap desk upgrades,Desk Setup Guides,5 Low-Cost Ways to Improve a Gaming Desk,"You do not need a full rebuild to make a setup better. Start with low-cost changes that improve layout, lighting, cable access, storage, and daily usability.",https://stackgeist.dev/guides/cheap-desk-upgrades?utm_source=pinterest&utm_medium=organic&utm_campaign=launch&utm_content=p08,5 Low-Cost Desk Upgrades,Small changes. Better setup.
P09,Midnight Shift,Gaming Setup Ideas,Dark Gaming Setup Without RGB Overload,"Midnight Shift is a dark gaming and work setup built around usable desk space, low clutter, controlled violet lighting, and gear that earns its footprint.",https://stackgeist.dev/setups/midnight-shift?utm_source=pinterest&utm_medium=organic&utm_campaign=launch&utm_content=p09,Dark Gaming Setup,Atmosphere without the RGB carnival.
P10,Midnight Shift,Gaming Setup Ideas,A Dark Gaming + Work Desk for Small Rooms,"A gaming desk can still work for school or work. Midnight Shift protects the center desk area, keeps lighting controlled, and treats cable routing as part of the layout.",https://stackgeist.dev/setups/midnight-shift?utm_source=pinterest&utm_medium=organic&utm_campaign=launch&utm_content=p10,Gaming + Work in One Desk,"Dark, useful, low-clutter."
