Title,Media URL,Pinterest board,Thumbnail,Description,Link,Publish date,Keywords
"INIU USB-C to USB-C Cable (240W, 6.6ft)",https://stackgeist.dev/pinterest/budget-tech-products/iniu-usb-c-to-usb-c-cable-240w-6-6ft.png,Desk Setup Guides,,"Most USB-C cables are slow or inconsistent. This one isn’t. It charges noticeably faster and hasn’t given me a single issue. I use it for phones and laptops, and it actually delivers full-speed charging instead of pretending to.",https://stackgeist.dev/gear/budget-tech/iniu-usb-c-to-usb-c-cable-240w-6-6ft/?utm_source=pinterest&utm_medium=organic&utm_campaign=products_v1&utm_content=iniu-usb-c-to-usb-c-cable-240w-6-6ft,,"under-25, tech accessories, desk setup, budget tech, iniu"
140-in-1 Precision Screwdriver Repair Kit,https://stackgeist.dev/pinterest/budget-tech-products/140-in-1-precision-screwdriver-repair-kit.png,Budget Desk Setups,,"Electronics use annoying tiny screws, and the wrong tool will strip them instantly. This kit solves that problem in one shot. I’ve used it for laptops, phones, controllers, and random tech repairs. For the price, it’s hard to beat.",https://stackgeist.dev/gear/budget-tech/140-in-1-precision-screwdriver-repair-kit/?utm_source=pinterest&utm_medium=organic&utm_campaign=products_v1&utm_content=140-in-1-precision-screwdriver-repair-kit,,"under-25, tech accessories, desk setup, budget tech, 140-in-1"
Flat Plug Surge Protector Power Strip (8 Outlets + USB),https://stackgeist.dev/pinterest/budget-tech-products/flat-plug-surge-protector-power-strip-8-outlets-usb.png,Gaming Setup Ideas,,"Most power strips are cramped and useless once you plug in anything bulky. This one actually leaves enough space for big plugs. I’ve bought this same power strip three times for different rooms. The spacing, flat plug, and built-in USB ports make it easy to justify every time.",https://stackgeist.dev/gear/budget-tech/flat-plug-surge-protector-power-strip-8-outlets-usb/?utm_source=pinterest&utm_medium=organic&utm_campaign=products_v1&utm_content=flat-plug-surge-protector-power-strip-8-outlets-usb,,"under-25, tech accessories, desk setup, budget tech, flat"
Acodot 9-in-1 USB-C Hub,https://stackgeist.dev/pinterest/budget-tech-products/acodot-9-in-1-usb-c-hub.png,Desk Setup Guides,,"Modern laptops keep removing ports. This hub adds them back. I use it for HDMI, USB devices, SD cards, and charging at the same time. For under $25, it’s hard to beat how much it replaces.",https://stackgeist.dev/gear/budget-tech/acodot-9-in-1-usb-c-hub/?utm_source=pinterest&utm_medium=organic&utm_campaign=products_v1&utm_content=acodot-9-in-1-usb-c-hub,,"under-25, tech accessories, desk setup, budget tech, acodot"
SABRENT SATA to USB Adapter Cable,https://stackgeist.dev/pinterest/budget-tech-products/sabrent-sata-to-usb-adapter-cable.png,Budget Desk Setups,,"If you’ve ever pulled a hard drive or SSD out of an old laptop, you know how annoying it is to access the data. This cable makes it plug-and-play. I use it to read old drives, recover files, or quickly check if a drive still works. Cheap, simple, and surprisingly useful.",https://stackgeist.dev/gear/budget-tech/sabrent-sata-to-usb-adapter-cable/?utm_source=pinterest&utm_medium=organic&utm_campaign=products_v1&utm_content=sabrent-sata-to-usb-adapter-cable,,"under-25, tech accessories, desk setup, budget tech, sabrent"
SanDisk Ultra 128GB microSD Card (2-Pack),https://stackgeist.dev/pinterest/budget-tech-products/sandisk-ultra-128gb-microsd-card-2-pack.png,Gaming Setup Ideas,,"Cheap storage works until it doesn’t. These are a good middle ground when you want reliability without paying premium prices. I like the flexibility of having two cards instead of one big one. They work across phones, tablets, cameras, and other devices without issues.",https://stackgeist.dev/gear/budget-tech/sandisk-ultra-128gb-microsd-card-2-pack/?utm_source=pinterest&utm_medium=organic&utm_campaign=products_v1&utm_content=sandisk-ultra-128gb-microsd-card-2-pack,,"under-75, tech accessories, desk setup, budget tech, sandisk"
500W Multi-Port GaN Charging Station,https://stackgeist.dev/pinterest/budget-tech-products/500w-multi-port-gan-charging-station.png,Desk Setup Guides,,Charging setups get messy fast when every device needs its own brick. This replaces a pile of chargers with one unit. I use it to charge multiple devices at the same time from a single outlet. It keeps desks cleaner and makes travel or shared spaces easier to manage.,https://stackgeist.dev/gear/budget-tech/500w-multi-port-gan-charging-station/?utm_source=pinterest&utm_medium=organic&utm_campaign=products_v1&utm_content=500w-multi-port-gan-charging-station,,"under-75, tech accessories, desk setup, budget tech, 500w"
ALFA AC1900 Long-Range USB Wi-Fi Adapter,https://stackgeist.dev/pinterest/budget-tech-products/alfa-ac1900-long-range-usb-wi-fi-adapter.png,Budget Desk Setups,,Built-in Wi-Fi adapters struggle in bad signal areas. This adds serious range and stability with external antennas. I use it when internal Wi-Fi isn’t cutting it. It’s noticeably stronger and more reliable for desktops or problem rooms.,https://stackgeist.dev/gear/budget-tech/alfa-ac1900-long-range-usb-wi-fi-adapter/?utm_source=pinterest&utm_medium=organic&utm_campaign=products_v1&utm_content=alfa-ac1900-long-range-usb-wi-fi-adapter,,"under-75, tech accessories, desk setup, budget tech, alfa"
SABRENT USB-C Lay-Flat Drive Dock (NVMe + SATA),https://stackgeist.dev/pinterest/budget-tech-products/sabrent-usb-c-lay-flat-drive-dock-nvme-sata.png,Gaming Setup Ideas,,"Working with internal drives shouldn’t require a pile of adapters and screws. This dock lets you drop in NVMe or SATA drives and access them immediately. I use it for data recovery, drive testing, and cloning. It’s fast, tool-free, and saves a lot of time if you deal with drives regularly.",https://stackgeist.dev/gear/budget-tech/sabrent-usb-c-lay-flat-drive-dock-nvme-sata/?utm_source=pinterest&utm_medium=organic&utm_campaign=products_v1&utm_content=sabrent-usb-c-lay-flat-drive-dock-nvme-sata,,"under-75, tech accessories, desk setup, budget tech, sabrent"
"80W Soundbar for TV, PC, and Gaming",https://stackgeist.dev/pinterest/budget-tech-products/80w-soundbar-for-tv-pc-and-gaming.png,Desk Setup Guides,,"Built-in TV speakers are usually the weakest part of a setup. This soundbar fixes that without needing a full surround system. I use it for TV, PC, and general media. Dialogue is clearer, volume is stronger, and it’s an easy upgrade.",https://stackgeist.dev/gear/budget-tech/80w-soundbar-for-tv-pc-and-gaming/?utm_source=pinterest&utm_medium=organic&utm_campaign=products_v1&utm_content=80w-soundbar-for-tv-pc-and-gaming,,"under-75, tech accessories, desk setup, budget tech, 80w"
Logitech C920x HD Webcam,https://stackgeist.dev/pinterest/budget-tech-products/logitech-c920x-hd-webcam.png,Budget Desk Setups,,"Built-in webcams are usually bad. This one just works and looks noticeably better. I use it for video calls and meetings. Image quality is solid, audio is clear, and it works without driver headaches.",https://stackgeist.dev/gear/budget-tech/logitech-c920x-hd-webcam/?utm_source=pinterest&utm_medium=organic&utm_campaign=products_v1&utm_content=logitech-c920x-hd-webcam,,"under-75, tech accessories, desk setup, budget tech, logitech"
SanDisk Ultra Flair 128GB USB 3.0 Flash Drive,https://stackgeist.dev/pinterest/budget-tech-products/sandisk-ultra-flair-128gb-usb-3-0-flash-drive.png,Gaming Setup Ideas,,"Small flash drives are easy to lose, but you still need one that actually holds a decent amount of data. This one hits the sweet spot. I use it for file transfers, backups, and moving stuff between machines. Simple, fast enough, and hasn’t given me any problems.",https://stackgeist.dev/gear/budget-tech/sandisk-ultra-flair-128gb-usb-3-0-flash-drive/?utm_source=pinterest&utm_medium=organic&utm_campaign=products_v1&utm_content=sandisk-ultra-flair-128gb-usb-3-0-flash-drive,,"essentials, tech accessories, desk setup, budget tech, sandisk"
"15ft Indoor Extension Cord (16/3, Flat Black)",https://stackgeist.dev/pinterest/budget-tech-products/15ft-indoor-extension-cord-16-3-flat-black.png,Desk Setup Guides,,"Sometimes the outlet just isn’t where you need it. This fixes that without being stiff, bulky, or sketchy. I use it for home office and general setup flexibility. It’s durable, long enough to matter, and doesn’t feel cheap.",https://stackgeist.dev/gear/budget-tech/15ft-indoor-extension-cord-16-3-flat-black/?utm_source=pinterest&utm_medium=organic&utm_campaign=products_v1&utm_content=15ft-indoor-extension-cord-16-3-flat-black,,"essentials, tech accessories, desk setup, budget tech, 15ft"
Adjustable Desk Phone Stand,https://stackgeist.dev/pinterest/budget-tech-products/adjustable-desk-phone-stand.png,Budget Desk Setups,,"Propping your phone against random objects gets old fast. This just holds it at a usable angle without sliding around. I use it on my desk for calls, videos, and notifications.",https://stackgeist.dev/gear/budget-tech/adjustable-desk-phone-stand/?utm_source=pinterest&utm_medium=organic&utm_campaign=products_v1&utm_content=adjustable-desk-phone-stand,,"essentials, tech accessories, desk setup, budget tech, adjustable"
Adjustable Aluminum Tablet Stand,https://stackgeist.dev/pinterest/budget-tech-products/adjustable-aluminum-tablet-stand.png,Gaming Setup Ideas,,"Holding a tablet for long periods gets uncomfortable fast. This keeps it stable at a good viewing angle on a desk. I use it for tablets and larger devices when I want hands-free viewing. The price moves a bit, but it’s usually under $25 and solid when it is.",https://stackgeist.dev/gear/budget-tech/adjustable-aluminum-tablet-stand/?utm_source=pinterest&utm_medium=organic&utm_campaign=products_v1&utm_content=adjustable-aluminum-tablet-stand,,"essentials, tech accessories, desk setup, budget tech, adjustable"
Microfiber Cleaning Cloths (18-Pack),https://stackgeist.dev/pinterest/budget-tech-products/microfiber-cleaning-cloths-18-pack.png,Desk Setup Guides,,"Screens, glasses, and lenses get dirty constantly. Using paper towels or random fabric just makes it worse. I use these for glasses, phones, tablets, and camera lenses. Cheap, effective, and you don’t worry about ruining one.",https://stackgeist.dev/gear/budget-tech/microfiber-cleaning-cloths-18-pack/?utm_source=pinterest&utm_medium=organic&utm_campaign=products_v1&utm_content=microfiber-cleaning-cloths-18-pack,,"essentials, tech accessories, desk setup, budget tech, microfiber"
USB to 3.5mm Audio Adapter Cable,https://stackgeist.dev/pinterest/budget-tech-products/usb-to-3-5mm-audio-adapter-cable.png,Budget Desk Setups,,"When a headphone jack stops working or doesn’t exist at all, audio gets annoying fast. This cable fixes that by handling audio over USB. I use it for headphones and speakers on PCs and consoles. Cheap, simple, and it just works.",https://stackgeist.dev/gear/budget-tech/usb-to-3-5mm-audio-adapter-cable/?utm_source=pinterest&utm_medium=organic&utm_campaign=products_v1&utm_content=usb-to-3-5mm-audio-adapter-cable,,"essentials, tech accessories, desk setup, budget tech, usb"
Clipboard with Storage Compartment,https://stackgeist.dev/pinterest/budget-tech-products/clipboard-with-storage-compartment.png,Gaming Setup Ideas,,"Loose papers, notes, and small items get lost fast. This keeps everything together while still giving you a solid writing surface. I use it for notes, documents, and small items that need a temporary home. Cheap, simple, and more useful than a basic clipboard.",https://stackgeist.dev/gear/budget-tech/clipboard-with-storage-compartment/?utm_source=pinterest&utm_medium=organic&utm_campaign=products_v1&utm_content=clipboard-with-storage-compartment,,"essentials, tech accessories, desk setup, budget tech, clipboard"
80W Digital Soldering Iron Kit,https://stackgeist.dev/pinterest/budget-tech-products/80w-digital-soldering-iron-kit.png,Desk Setup Guides,,"This isn’t something everyone needs, but it’s cheap enough to be worth having if you do basic electronic repairs. I’ve used this for small fixes and DIY repairs. It heats up quickly, comes with the basics, and does the job without being complicated.",https://stackgeist.dev/gear/budget-tech/80w-digital-soldering-iron-kit/?utm_source=pinterest&utm_medium=organic&utm_campaign=products_v1&utm_content=80w-digital-soldering-iron-kit,,"essentials, tech accessories, desk setup, budget tech, 80w"
USB-C to USB-A Adapter (2-Pack),https://stackgeist.dev/pinterest/budget-tech-products/usb-c-to-usb-a-adapter-2-pack.png,Budget Desk Setups,,"A lot of older accessories still use USB-A, while newer devices are all USB-C. These adapters make them work together without replacing everything. I use these for flash drives, keyboards, mice, and random USB accessories. Cheap, simple, and handy to keep around.",https://stackgeist.dev/gear/budget-tech/usb-c-to-usb-a-adapter-2-pack/?utm_source=pinterest&utm_medium=organic&utm_campaign=products_v1&utm_content=usb-c-to-usb-a-adapter-2-pack,,"essentials, tech accessories, desk setup, budget tech, usb-c"
Clamp-On LED Desk Lamp,https://stackgeist.dev/pinterest/budget-tech-products/clamp-on-led-desk-lamp.png,Gaming Setup Ideas,,Bad lighting makes desk work harder than it needs to be. This clamps onto a desk or headboard and puts light exactly where you want it. I use it for desk work and reading. The adjustable brightness and color modes make it easy on the eyes without taking up desk space.,https://stackgeist.dev/gear/budget-tech/clamp-on-led-desk-lamp/?utm_source=pinterest&utm_medium=organic&utm_campaign=products_v1&utm_content=clamp-on-led-desk-lamp,,"essentials, tech accessories, desk setup, budget tech, clamp-on"
KROSER Laptop Briefcase (Up to 17.3”),https://stackgeist.dev/pinterest/budget-tech-products/kroser-laptop-briefcase-up-to-17-3.png,Desk Setup Guides,,Carrying a laptop in a flimsy bag is a good way to break expensive gear. This one is built to actually protect it. I use it for travel and daily carry. It has enough space for a large laptop and accessories without feeling cheap or overstuffed.,https://stackgeist.dev/gear/budget-tech/kroser-laptop-briefcase-up-to-17-3/?utm_source=pinterest&utm_medium=organic&utm_campaign=products_v1&utm_content=kroser-laptop-briefcase-up-to-17-3,,"worth-it, tech accessories, desk setup, budget tech, kroser"
Samsung EVO Select 512GB microSD Card,https://stackgeist.dev/pinterest/budget-tech-products/samsung-evo-select-512gb-microsd-card.png,Budget Desk Setups,,"Cheap microSD cards are fine until they corrupt or slow everything down. This one is about capacity and reliability. I use it for high-capacity storage where speed and stability actually matter. It’s not the cheapest option, but it’s one I trust with real data.",https://stackgeist.dev/gear/budget-tech/samsung-evo-select-512gb-microsd-card/?utm_source=pinterest&utm_medium=organic&utm_campaign=products_v1&utm_content=samsung-evo-select-512gb-microsd-card,,"worth-it, tech accessories, desk setup, budget tech, samsung"
LEVO G2 Deluxe Rolling Laptop Stand,https://stackgeist.dev/pinterest/budget-tech-products/levo-g2-deluxe-rolling-laptop-stand.png,Gaming Setup Ideas,,"Working from a couch or bed usually means awkward angles and bad posture. This solves that by bringing the desk to you instead of forcing your body to adapt. I use it as a mobile workstation for longer sessions. It’s stable, adjustable, and makes working comfortably possible in places a normal desk doesn’t.",https://stackgeist.dev/gear/budget-tech/levo-g2-deluxe-rolling-laptop-stand/?utm_source=pinterest&utm_medium=organic&utm_campaign=products_v1&utm_content=levo-g2-deluxe-rolling-laptop-stand,,"worth-it, tech accessories, desk setup, budget tech, levo"
"CanaKit Raspberry Pi 5 Starter Kit PRO (8GB, 128GB)",https://stackgeist.dev/pinterest/budget-tech-products/canakit-raspberry-pi-5-starter-kit-pro-8gb-128gb.png,Desk Setup Guides,,"This isn’t a bare-bones Raspberry Pi setup. It’s a complete, ready-to-use mini computer for projects, home labs, and always-on tasks. I use it for tinkering and lightweight server-style work without dedicating a full desktop. It costs more than basic kits, but it saves time and frustration by just working.",https://stackgeist.dev/gear/budget-tech/canakit-raspberry-pi-5-starter-kit-pro-8gb-128gb/?utm_source=pinterest&utm_medium=organic&utm_campaign=products_v1&utm_content=canakit-raspberry-pi-5-starter-kit-pro-8gb-128gb,,"worth-it, tech accessories, desk setup, budget tech, canakit"
Sennheiser Momentum 4 Wireless Noise-Cancelling Headphones,https://stackgeist.dev/pinterest/budget-tech-products/sennheiser-momentum-4-wireless-noise-cancelling-headphones.png,Budget Desk Setups,,"Noise is one of the fastest ways to lose focus. These block it out without being uncomfortable or sounding artificial. I use them for long work sessions, calls, and general listening. The battery life is excellent, the noise cancellation is effective, and they stay comfortable for hours.",https://stackgeist.dev/gear/budget-tech/sennheiser-momentum-4-wireless-noise-cancelling-headphones/?utm_source=pinterest&utm_medium=organic&utm_campaign=products_v1&utm_content=sennheiser-momentum-4-wireless-noise-cancelling-headphones,,"worth-it, tech accessories, desk setup, budget tech, sennheiser"
Big & Tall High-Back Office Chair (400lb Capacity),https://stackgeist.dev/pinterest/budget-tech-products/big-tall-high-back-office-chair-400lb-capacity.png,Gaming Setup Ideas,,"Cheap office chairs fail fast and punish your back even faster. This one is built for support, stability, and long sitting sessions. I use it for extended desk time. The wide seat and lumbar support make a real difference if you need something sturdier than standard chairs.",https://stackgeist.dev/gear/budget-tech/big-tall-high-back-office-chair-400lb-capacity/?utm_source=pinterest&utm_medium=organic&utm_campaign=products_v1&utm_content=big-tall-high-back-office-chair-400lb-capacity,,"worth-it, tech accessories, desk setup, budget tech, big"
14” Portable Laptop Screen Extender (Triple Display),https://stackgeist.dev/pinterest/budget-tech-products/14-portable-laptop-screen-extender-triple-display.png,Desk Setup Guides,,"One laptop screen is a bottleneck. This adds extra displays without needing a permanent desk setup. I use it when I need more screen space for multitasking without dragging around external monitors. It’s especially useful for writing, coding, and research.",https://stackgeist.dev/gear/budget-tech/14-portable-laptop-screen-extender-triple-display/?utm_source=pinterest&utm_medium=organic&utm_campaign=products_v1&utm_content=14-portable-laptop-screen-extender-triple-display,,"worth-it, tech accessories, desk setup, budget tech, 14”"
WD Elements Portable External Hard Drive,https://stackgeist.dev/pinterest/budget-tech-products/wd-elements-portable-external-hard-drive.png,Gaming Setup Ideas,,"Running out of storage is inevitable if you keep files long enough. This gives you a lot of space without turning into a desk brick. I use it for backups and large files. It’s plug-and-play, reliable, and holds enough data that I don’t have to constantly think about storage.",https://stackgeist.dev/gear/budget-tech/wd-elements-portable-external-hard-drive/?utm_source=pinterest&utm_medium=organic&utm_campaign=products_v1&utm_content=wd-elements-portable-external-hard-drive,,"worth-it, tech accessories, desk setup, budget tech, wd"
